Player,Position,Team,Opp,FF Avg,FG Avg,FGA Avg,FPTS Avg,FR Avg,FUM_LOST Avg,INT Avg,PA Avg,PASS_ATT Avg,PASS_CMP Avg,PASS_TD Avg,PASS_YDS Avg,REC Avg,REC_TD Avg,REC_YDS Avg,RUSH_ATT Avg,RUSH_TD Avg,RUSH_YDS Avg,SACK Avg,SAFETY Avg,TD Avg,XPT Avg,YDS_AGN Avg,DraftKings,FanDuel,PrizePicks,Underdog,Fav,Spread,O/U,Match Title (Underdog),Game Short Title (Underdog),Venue Name (Underdog),Venue Type (Underdog),Broadcasts (Underdog),Player Salary,Player Image,Tournament,Game Start Time
Josh Allen,QB,BUF,,,,,21,,0.2,0.625,,32.27,20.75,1.5,245.19,,,,7.635,0.5,36.825,,,,,,21.67,21.47,21.67,21.67,,,,BUF @ LAR,Bills @ Rams,SoFi Stadium,outdoor,ABC/ESPN,17700,https://png.pngtree.com/png-vector/20220809/ourmid/pngtree-businessman-icon-from-commerce-set-administrator-clerk-male-vector-png-image_19450674.png,BUF @ LAR,10/12/2026
Jared Goff,QB,DET,,,,,20.4,,0.2,0.51,,35.07,24.83,2.18,278.915,,,,1.7,0.29,1.01,,,,,,21.01,20.81,21.01,21.01,,,,DET @ ARI,Lions @ Cardinals,State Farm Stadium,retractable_dome,FOX,14400,https://png.pngtree.com/png-vector/20220809/ourmid/pngtree-businessman-icon-from-commerce-set-administrator-clerk-male-vector-png-image_19450674.png,DET @ ARI,10/11/2026
Joe Burrow,QB,CIN,,,,,20.1,,0.2,0.51,,32.89,23.66,1.645,252.02,,,,3.44,0.31,8.3,,,,,,18.64,18.44,18.64,18.64,,,,CIN @ MIA,Bengals @ Dolphins,Hard Rock Stadium,outdoor,FOX,16200,https://png.pngtree.com/png-vector/20220809/ourmid/pngtree-businessman-icon-from-commerce-set-administrator-clerk-male-vector-png-image_19450674.png,CIN @ MIA,10/11/2026
Dak Prescott,QB,DAL,,,,,20.1,,0.2,0.6,,35.2,24.2,2.1,272.8,,,,2.9,0.1,12.3,,,,,,20.34,20.14,20.34,20.34,,,,,,,,,,,,
Drake Maye,QB,NE,,,,,19.1,,0.3,0.615,,29.72,19.6,1.51,226.27,,,,5.665,0.35,31.095,,,,,,19.39,19.09,19.39,19.39,,,,LV @ NE,Raiders @ Patriots,Gillette Stadium,outdoor,CBS,15600,https://png.pngtree.com/png-vector/20220809/ourmid/pngtree-businessman-icon-from-commerce-set-administrator-clerk-male-vector-png-image_19450674.png,LV @ NE,10/11/2026
Matthew Stafford,QB,LAR,,,,,19,,0.2,0.6,,37.55,23.55,2.255,278.85,,,,1.6,0.28,0.155,,,,,,21.07,20.87,21.07,21.07,,,,BUF @ LAR,Bills @ Rams,SoFi Stadium,outdoor,ABC/ESPN,13500,https://png.pngtree.com/png-vector/20220809/ourmid/pngtree-businessman-icon-from-commerce-set-administrator-clerk-male-vector-png-image_19450674.png,BUF @ LAR,10/12/2026
Jayden Daniels,QB,WAS,,,,,18.9,,0.2,0.54,,29.575,18.48,1.39,197.51,,,,6.46,0.38,30.2,,,,,,18.02,17.82,18.02,18.02,,,,NYG @ WAS,Giants @ Commanders,Northwest Stadium,outdoor,FOX,15000,https://png.pngtree.com/png-vector/20220809/ourmid/pngtree-businessman-icon-from-commerce-set-administrator-clerk-male-vector-png-image_19450674.png,NYG @ WAS,10/11/2026
Jacoby Brissett,QB,ARI,,,,,18.2,,0.2,0.59,,37.615,24.675,1.57,268.28,,,,2.585,0.325,8.72,,,,,,19.04,18.84,19.04,19.04,,,,DET @ ARI,Lions @ Cardinals,State Farm Stadium,retractable_dome,FOX,13500,https://png.pngtree.com/png-vector/20220809/ourmid/pngtree-businessman-icon-from-commerce-set-administrator-clerk-male-vector-png-image_19450674.png,DET @ ARI,10/11/2026
Trevor Lawrence,QB,JAC,,,,,17.6,,0.2,0.61,,30.22,19.595,1.49,225.175,,,,3.585,0.36,14.15,,,,,,17.73,17.53,17.73,17.73,,,,PHI @ JAX,Eagles @ Jaguars,Tottenham Hotspur Stadium,outdoor,NFL Network,15000,https://png.pngtree.com/png-vector/20220809/ourmid/pngtree-businessman-icon-from-commerce-set-administrator-clerk-male-vector-png-image_19450674.png,PHI @ JAX,10/11/2026
Brock Purdy,QB,SF,,,,,17.5,,0.2,0.685,,32.485,20.92,1.455,225.46,,,,3.83,0.325,24.435,,,,,,18.35,18.15,18.35,18.35,,,,SF @ SEA,49ers @ Seahawks,Lumen Field,outdoor,FOX,15000,https://png.pngtree.com/png-vector/20220809/ourmid/pngtree-businessman-icon-from-commerce-set-administrator-clerk-male-vector-png-image_19450674.png,SF @ SEA,10/11/2026
Michael Penix Jr.,QB,ATL,BAL,,,,16.38,,,0.54,,29.515,18.52,1.42,220.32,,,0,,0.295,-0.535,,,,,,15.67,15.67,15.67,15.67,,,,n/a,n/a,n/a,n/a,n/a,14100,https://png.pngtree.com/png-vector/20220809/ourmid/pngtree-businessman-icon-from-commerce-set-administrator-clerk-male-vector-png-image_19450674.png,BAL @ ATL,10/11/2026
Jahmyr Gibbs,RB,DET,,,,,21.8,,0.1,,,,,,,4.65,0.1771428571,37.615,19.64,0.4428571429,90.355,,,,,,21.07,18.64,21.07,21.07,,,,DET @ ARI,Lions @ Cardinals,State Farm Stadium,retractable_dome,FOX,17700,https://png.pngtree.com/png-vector/20220809/ourmid/pngtree-businessman-icon-from-commerce-set-administrator-clerk-male-vector-png-image_19450674.png,DET @ ARI,10/11/2026
Bijan Robinson,RB,ATL,,,,,19,,0.1,,,,,,,3.665,0.1568181818,26.815,18.85,0.4181818182,88.335,,,,,,18.53,16.6,18.53,18.53,,,,BAL @ ATL,Ravens @ Falcons,Mercedes-Benz Stadium,retractable_dome,NBC/Peacock,17700,https://png.pngtree.com/png-vector/20220809/ourmid/pngtree-businessman-icon-from-commerce-set-administrator-clerk-male-vector-png-image_19450674.png,BAL @ ATL,10/11/2026
Jonathan Taylor,RB,IND,,,,,16.5,,0.1,,,,,,,2.57,0.05944444444,15.235,19.455,0.4755555556,84.07,,,,,,15.61,14.23,15.61,15.61,,,,IND @ PIT,Colts @ Steelers,Acrisure Stadium,outdoor,CBS,17700,https://png.pngtree.com/png-vector/20220809/ourmid/pngtree-businessman-icon-from-commerce-set-administrator-clerk-male-vector-png-image_19450674.png,IND @ PIT,10/11/2026
Derrick Henry,RB,BAL,,,,,15.8,,0.1,,,,,,,1.365,0,4.61,19.525,0.53,79.93,,,,,,12.9,12.12,12.9,12.9,,,,BAL @ ATL,Ravens @ Falcons,Mercedes-Benz Stadium,retractable_dome,NBC/Peacock,16500,https://png.pngtree.com/png-vector/20220809/ourmid/pngtree-businessman-icon-from-commerce-set-administrator-clerk-male-vector-png-image_19450674.png,BAL @ ATL,10/11/2026
Kyren Williams,RB,LAR,,,,,15.2,,0.1,,,,,,,2.73,0.12,21.49,15.15,0.42,68.7,,,,,,14.89,13.42,14.89,14.89,,,,BUF @ LAR,Bills @ Rams,SoFi Stadium,outdoor,ABC/ESPN,14700,https://png.pngtree.com/png-vector/20220809/ourmid/pngtree-businessman-icon-from-commerce-set-administrator-clerk-male-vector-png-image_19450674.png,BUF @ LAR,10/12/2026
Javonte Williams,RB,DAL,,,,,14.7,,0.1,,,,,,,2.8,0.2,15.8,17.7,0.9,71,,,,,,17.98,16.48,17.98,17.98,,,,,,,,,,,,
James Cook III,RB,BUF,,,,,13.7,,0.1,,,,,,,1.635,0.07214285714,10.525,17.27,0.4328571429,75.505,,,,,,13.17,12.25,13.17,13.17,,,,n/a,n/a,n/a,n/a,n/a,15900,https://png.pngtree.com/png-vector/20220809/ourmid/pngtree-businessman-icon-from-commerce-set-administrator-clerk-male-vector-png-image_19450674.png,BUF @ LAR,10/12/2026
Christian McCaffrey,RB,SF,,,,,13.7,,0.1,,,,,,,4.68,0.1457142857,35.65,14.585,0.3642857143,48.95,,,,,,16.1,13.66,16.1,16.1,,,,SF @ SEA,49ers @ Seahawks,Lumen Field,outdoor,FOX,17100,https://png.pngtree.com/png-vector/20220809/ourmid/pngtree-businessman-icon-from-commerce-set-administrator-clerk-male-vector-png-image_19450674.png,SF @ SEA,10/11/2026
D'Andre Swift,RB,CHI,,,,,13.3,,0.2,,,,,,,2.605,0.07571428571,18.045,19.39,0.4542857143,82.485,,,,,,15.64,14.14,15.64,15.64,,,,CHI @ GB,Bears @ Packers,Lambeau Field,outdoor,FOX,13800,https://png.pngtree.com/png-vector/20220809/ourmid/pngtree-businessman-icon-from-commerce-set-administrator-clerk-male-vector-png-image_19450674.png,CHI @ GB,10/11/2026
Chase Brown,RB,CIN,,,,,13.1,,0.1,,,,,,,4.6,0.1514285714,22,16.615,0.3785714286,67.26,,,,,,16.61,14.21,16.61,16.61,,,,CIN @ MIA,Bengals @ Dolphins,Hard Rock Stadium,outdoor,FOX,15600,https://png.pngtree.com/png-vector/20220809/ourmid/pngtree-businessman-icon-from-commerce-set-administrator-clerk-male-vector-png-image_19450674.png,CIN @ MIA,10/11/2026
Brian Robinson Jr.,RB,ATL,BAL,,,,7.12,,,,,,,,0,0.595,0,2,8.71,0.385,35.295,,,,,,6.63,6.34,6.63,6.63,,,,n/a,n/a,n/a,n/a,n/a,8700,https://png.pngtree.com/png-vector/20220809/ourmid/pngtree-businessman-icon-from-commerce-set-administrator-clerk-male-vector-png-image_19450674.png,BAL @ ATL,10/11/2026
Mike Washington Jr.,RB,LV,NE,,,,7.11,,,,,,,,0,,0,10,,0.465,50.04,,,,,,8.79,8.79,8.79,8.79,,,,LV @ NE,Raiders @ Patriots,Gillette Stadium,outdoor,CBS,4800,https://png.pngtree.com/png-vector/20220809/ourmid/pngtree-businessman-icon-from-commerce-set-administrator-clerk-male-vector-png-image_19450674.png,LV @ NE,10/11/2026
Chris Rodriguez Jr.,RB,JAC,PHI,,,,5.41,,,,,,,,0,,0,0,6.65,0.36,25.955,,,,,,4.76,4.76,4.76,4.76,,,,n/a,n/a,n/a,n/a,n/a,7200,https://png.pngtree.com/png-vector/20220809/ourmid/pngtree-businessman-icon-from-commerce-set-administrator-clerk-male-vector-png-image_19450674.png,PHI @ JAX,10/11/2026
Jaxon Smith-Njigba,WR,SEA,,,,,14.9,,0,,,,,,,6.67,0.49,93.185,0.2,0,1.1,,,,,,19.04,15.7,19.04,19.04,,,,SF @ SEA,49ers @ Seahawks,Lumen Field,outdoor,FOX,17700,https://png.pngtree.com/png-vector/20220809/ourmid/pngtree-businessman-icon-from-commerce-set-administrator-clerk-male-vector-png-image_19450674.png,SF @ SEA,10/11/2026
Amon-Ra St. Brown,WR,DET,,,,,14.55,,0,,,,,,0,7.12,0.515,80.395,0.2,0,0.55,,,,,,18.3,14.74,18.3,18.3,,,,DET @ ARI,Lions @ Cardinals,State Farm Stadium,retractable_dome,FOX,14700,https://png.pngtree.com/png-vector/20220809/ourmid/pngtree-businessman-icon-from-commerce-set-administrator-clerk-male-vector-png-image_19450674.png,DET @ ARI,10/11/2026
Puka Nacua,WR,LAR,,,,,14.5,,0,,,,,,,7.22,0.4371428571,93.285,0.7,0.07285714286,4.1,,,,,,20.02,16.41,20.02,20.02,,,,BUF @ LAR,Bills @ Rams,SoFi Stadium,outdoor,ABC/ESPN,17100,https://png.pngtree.com/png-vector/20220809/ourmid/pngtree-businessman-icon-from-commerce-set-administrator-clerk-male-vector-png-image_19450674.png,BUF @ LAR,10/12/2026
CeeDee Lamb,WR,DAL,,,,,13.4,,0,,,,,,,7,0.6,94.9,0.4,0,1.7,,,,,,20.26,16.76,20.26,20.26,,,,,,,,,,,,
Ja'Marr Chase,WR,CIN,,,,,12.2,,0,,,,,,,6.585,0.505,78.5,0.1,0,0.7,,,,,,17.54,14.24,17.54,17.54,,,,CIN @ MIA,Bengals @ Dolphins,Hard Rock Stadium,outdoor,FOX,16500,https://png.pngtree.com/png-vector/20220809/ourmid/pngtree-businessman-icon-from-commerce-set-administrator-clerk-male-vector-png-image_19450674.png,CIN @ MIA,10/11/2026
Nico Collins,WR,HOU,,,,,12,,0,,,,,,,5.59,0.44,77.635,0.2,0,0.9,,,,,,16.08,13.29,16.08,16.08,,,,HOU @ TEN,Texans @ Titans,Nissan Stadium,outdoor,CBS,17100,https://png.pngtree.com/png-vector/20220809/ourmid/pngtree-businessman-icon-from-commerce-set-administrator-clerk-male-vector-png-image_19450674.png,HOU @ TEN,10/11/2026
Drake London,WR,ATL,,,,,11.6,,0,,,,,,,5.81,0.46,80.14,0.2,0,0.8,,,,,,16.66,13.76,16.66,16.66,,,,BAL @ ATL,Ravens @ Falcons,Mercedes-Benz Stadium,retractable_dome,NBC/Peacock,14700,https://png.pngtree.com/png-vector/20220809/ourmid/pngtree-businessman-icon-from-commerce-set-administrator-clerk-male-vector-png-image_19450674.png,BAL @ ATL,10/11/2026
Davante Adams,WR,LAR,,,,,11,,0,,,,,,,4.49,0.485,62.565,0,0,0,,,,,,13.66,11.41,13.66,13.66,,,,BUF @ LAR,Bills @ Rams,SoFi Stadium,outdoor,ABC/ESPN,14100,https://png.pngtree.com/png-vector/20220809/ourmid/pngtree-businessman-icon-from-commerce-set-administrator-clerk-male-vector-png-image_19450674.png,BUF @ LAR,10/12/2026
Christian Watson,WR,GB,,,,,10.9,,0,,,,,,,4.445,0.415,60.535,0.1,0,0.5,,,,,,13.04,10.82,13.04,13.04,,,,CHI @ GB,Bears @ Packers,Lambeau Field,outdoor,FOX,14100,https://png.pngtree.com/png-vector/20220809/ourmid/pngtree-businessman-icon-from-commerce-set-administrator-clerk-male-vector-png-image_19450674.png,CHI @ GB,10/11/2026
Chris Olave,WR,NO,,,,,10.4,,0,,,,,,,6.555,0.4,80.12,0.1,0,0.4,,,,,,17.01,13.73,17.01,17.01,,,,n/a,n/a,n/a,n/a,n/a,16800,https://png.pngtree.com/png-vector/20220809/ourmid/pngtree-businessman-icon-from-commerce-set-administrator-clerk-male-vector-png-image_19450674.png,MIN @ NO,10/11/2026
Luther Burden III,WR,CHI,GB,,,,7.32,,,,,,,,0,4.495,0.385,47.1,,0,3,,,,,,11.81,9.57,11.81,11.81,,,,n/a,n/a,n/a,n/a,n/a,11700,https://png.pngtree.com/png-vector/20220809/ourmid/pngtree-businessman-icon-from-commerce-set-administrator-clerk-male-vector-png-image_19450674.png,CHI @ GB,10/11/2026
Marvin Harrison Jr.,WR,ARI,DET,,,,7.06,,,,,,,,0,2.68,0.36,34.405,,0,0,,,,,,8.28,6.94,8.28,8.28,,,,n/a,n/a,n/a,n/a,n/a,8100,https://png.pngtree.com/png-vector/20220809/ourmid/pngtree-businessman-icon-from-commerce-set-administrator-clerk-male-vector-png-image_19450674.png,DET @ ARI,10/11/2026
Brian Thomas Jr.,WR,JAC,PHI,,,,6.8,,,,,,,,0,2,0.345,24.495,,0,1,,,,,,6.62,5.62,6.62,6.62,,,,n/a,n/a,n/a,n/a,n/a,9900,https://png.pngtree.com/png-vector/20220809/ourmid/pngtree-businessman-icon-from-commerce-set-administrator-clerk-male-vector-png-image_19450674.png,PHI @ JAX,10/11/2026
Trey McBride,TE,ARI,,,,,10.8,,0,,,,,,,7.745,0.465,80.89,,0,,,,,,,18.62,14.75,18.62,18.62,,,,DET @ ARI,Lions @ Cardinals,State Farm Stadium,retractable_dome,FOX,13200,https://png.pngtree.com/png-vector/20220809/ourmid/pngtree-businessman-icon-from-commerce-set-administrator-clerk-male-vector-png-image_19450674.png,DET @ ARI,10/11/2026
Brock Bowers,TE,LV,,,,,9.7,,0,,,,,,,6.63,0.445,73.435,,0,,,,,,,16.64,13.33,16.64,16.64,,,,LV @ NE,Raiders @ Patriots,Gillette Stadium,outdoor,CBS,15000,https://png.pngtree.com/png-vector/20220809/ourmid/pngtree-businessman-icon-from-commerce-set-administrator-clerk-male-vector-png-image_19450674.png,LV @ NE,10/11/2026
Sam LaPorta,TE,DET,,,,,8.6,,0,,,,,,,4.75,0.42,51.255,,0,,,,,,,12.4,10.02,12.4,12.4,,,,DET @ ARI,Lions @ Cardinals,State Farm Stadium,retractable_dome,FOX,9600,https://png.pngtree.com/png-vector/20220809/ourmid/pngtree-businessman-icon-from-commerce-set-administrator-clerk-male-vector-png-image_19450674.png,DET @ ARI,10/11/2026
George Kittle,TE,SF,,,,,8.5,,0,,,,,,,4.605,0.41,53.325,,0,,,,,,,12.4,10.09,12.4,12.4,,,,SF @ SEA,49ers @ Seahawks,Lumen Field,outdoor,FOX,10800,https://png.pngtree.com/png-vector/20220809/ourmid/pngtree-businessman-icon-from-commerce-set-administrator-clerk-male-vector-png-image_19450674.png,SF @ SEA,10/11/2026
Tucker Kraft,TE,GB,,,,,7.4,,0,,,,,,,4.545,0.395,49.41,,0,,,,,,,11.86,9.58,11.86,11.86,,,,n/a,n/a,n/a,n/a,n/a,10500,https://png.pngtree.com/png-vector/20220809/ourmid/pngtree-businessman-icon-from-commerce-set-administrator-clerk-male-vector-png-image_19450674.png,CHI @ GB,10/11/2026
Isaiah Likely,TE,NYG,,,,,7.4,,0,,,,,,,4.57,0.38,41.82,,0,,,,,,,11.03,8.75,11.03,11.03,,,,NYG @ WAS,Giants @ Commanders,Northwest Stadium,outdoor,FOX,11100,https://png.pngtree.com/png-vector/20220809/ourmid/pngtree-businessman-icon-from-commerce-set-administrator-clerk-male-vector-png-image_19450674.png,NYG @ WAS,10/11/2026
Harold Fannin Jr.,TE,CLE,,,,,7.35,,0,,,,,,0,4.41,0.39,35.905,,0,0,,,,,,10.34,8.14,10.34,10.34,,,,n/a,n/a,n/a,n/a,n/a,11100,https://png.pngtree.com/png-vector/20220809/ourmid/pngtree-businessman-icon-from-commerce-set-administrator-clerk-male-vector-png-image_19450674.png,CLE @ NYJ,10/11/2026
Tyler Warren,TE,IND,,,,,7.1,,0,,,,,,,5.375,0.395,46.07,,0,,,,,,,12.35,9.66,12.35,12.35,,,,IND @ PIT,Colts @ Steelers,Acrisure Stadium,outdoor,CBS,12000,https://png.pngtree.com/png-vector/20220809/ourmid/pngtree-businessman-icon-from-commerce-set-administrator-clerk-male-vector-png-image_19450674.png,IND @ PIT,10/11/2026
Dalton Kincaid,TE,BUF,,,,,6.6,,0,,,,,,,4.4,0.415,52.31,,0,,,,,,,12.12,9.92,12.12,12.12,,,,n/a,n/a,n/a,n/a,n/a,9900,https://png.pngtree.com/png-vector/20220809/ourmid/pngtree-businessman-icon-from-commerce-set-administrator-clerk-male-vector-png-image_19450674.png,BUF @ LAR,10/12/2026
Juwan Johnson,TE,NO,,,,,6.4,,0,,,,,,,4.42,0.355,42,,0,,,,,,,10.75,8.54,10.75,10.75,,,,n/a,n/a,n/a,n/a,n/a,9600,https://png.pngtree.com/png-vector/20220809/ourmid/pngtree-businessman-icon-from-commerce-set-administrator-clerk-male-vector-png-image_19450674.png,MIN @ NO,10/11/2026
Brandon Aubrey,K,DAL,,,2.1,2.6,9.2,,,,,,,,,,,,,,,,,,2.9,,9.2,9.2,9.2,9.2,,,,,,,,,,,,
Jake Bates,K,DET,,,1.8,2.1,8.5,,,,,,,,,,,,,,,,,,3.1,,8.5,8.5,8.5,8.5,,,,n/a,n/a,n/a,n/a,n/a,7800,https://png.pngtree.com/png-vector/20220809/ourmid/pngtree-businessman-icon-from-commerce-set-administrator-clerk-male-vector-png-image_19450674.png,DET @ ARI,10/11/2026
Will Reichard,K,MIN,,,2,2.3,8.5,,,,,,,,,,,,,,,,,,2.4,,8.4,8.4,8.4,8.4,,,,n/a,n/a,n/a,n/a,n/a,7200,https://png.pngtree.com/png-vector/20220809/ourmid/pngtree-businessman-icon-from-commerce-set-administrator-clerk-male-vector-png-image_19450674.png,MIN @ NO,10/11/2026
Ka'imi Fairbairn,K,HOU,,,2,2.4,8.4,,,,,,,,,,,,,,,,,,2.4,,8.4,8.4,8.4,8.4,,,,n/a,n/a,n/a,n/a,n/a,7800,https://png.pngtree.com/png-vector/20220809/ourmid/pngtree-businessman-icon-from-commerce-set-administrator-clerk-male-vector-png-image_19450674.png,HOU @ TEN,10/11/2026
Harrison Mevis,K,LAR,,,1.7,2,8.2,,,,,,,,,,,,,,,,,,3.1,,8.2,8.2,8.2,8.2,,,,n/a,n/a,n/a,n/a,n/a,7500,https://png.pngtree.com/png-vector/20220809/ourmid/pngtree-businessman-icon-from-commerce-set-administrator-clerk-male-vector-png-image_19450674.png,BUF @ LAR,10/12/2026
Evan McPherson,K,CIN,,,1.8,2.1,8.2,,,,,,,,,,,,,,,,,,2.7,,8.1,8.1,8.1,8.1,,,,n/a,n/a,n/a,n/a,n/a,7500,https://png.pngtree.com/png-vector/20220809/ourmid/pngtree-businessman-icon-from-commerce-set-administrator-clerk-male-vector-png-image_19450674.png,CIN @ MIA,10/11/2026
Jason Myers,K,SEA,,,1.9,2.2,8.2,,,,,,,,,,,,,,,,,,2.6,,8.3,8.3,8.3,8.3,,,,n/a,n/a,n/a,n/a,n/a,8100,https://png.pngtree.com/png-vector/20220809/ourmid/pngtree-businessman-icon-from-commerce-set-administrator-clerk-male-vector-png-image_19450674.png,SF @ SEA,10/11/2026
Spencer Shrader,K,IND,,,1.9,2.3,8.2,,,,,,,,,,,,,,,,,,2.4,,8.1,8.1,8.1,8.1,,,,n/a,n/a,n/a,n/a,n/a,7200,https://png.pngtree.com/png-vector/20220809/ourmid/pngtree-businessman-icon-from-commerce-set-administrator-clerk-male-vector-png-image_19450674.png,IND @ PIT,10/11/2026
Nick Folk,K,ATL,,,1.9,2.3,8.1,,,,,,,,,,,,,,,,,,2.4,,8.1,8.1,8.1,8.1,,,,n/a,n/a,n/a,n/a,n/a,8100,https://png.pngtree.com/png-vector/20220809/ourmid/pngtree-businessman-icon-from-commerce-set-administrator-clerk-male-vector-png-image_19450674.png,BAL @ ATL,10/11/2026
Cam Little,K,JAC,,,1.9,2.2,8.1,,,,,,,,,,,,,,,,,,2.5,,8.2,8.2,8.2,8.2,,,,n/a,n/a,n/a,n/a,n/a,8100,https://png.pngtree.com/png-vector/20220809/ourmid/pngtree-businessman-icon-from-commerce-set-administrator-clerk-male-vector-png-image_19450674.png,PHI @ JAX,10/11/2026
DEN,DST,DEN,,0.7,,,7.8,0.5,,0.8,19.6,,,,,,,,,,,3,0,0.2,,321.5,6.8,6.8,6.8,6.8,,,,DEN @ LAC,Broncos @ Chargers,SoFi Stadium,outdoor,CBS,,,,
MIN,DST,MIN,,1.1,,,7.6,0.7,,0.7,19.8,,,,,,,,,,,3,0,0.1,,318.9,6.4,6.4,6.4,6.4,,,,MIN @ NO,Vikings @ Saints,Caesars Superdome,dome,FOX,,,,
HOU,DST,HOU,,1,,,7.4,0.6,,0.7,16.9,,,,,,,,,,,2.7,0.1,0.2,,280,7.7,7.7,7.7,7.7,,,,HOU @ TEN,Texans @ Titans,Nissan Stadium,outdoor,CBS,,,,
CIN,DST,CIN,,0.9,,,7.3,0.6,,0.7,18.2,,,,,,,,,,,2.8,0,0.1,,322.8,6,6,6,6,,,,CIN @ MIA,Bengals @ Dolphins,Hard Rock Stadium,outdoor,FOX,,,,
NYJ,DST,NYJ,,0.9,,,7.3,0.5,,0.8,18.8,,,,,,,,,,,2.9,0,0.1,,291.8,7.1,7.1,7.1,7.1,,,,CLE @ NYJ,Browns @ Jets,MetLife Stadium,outdoor,CBS,,,,
JAX,DST,JAX,,0.8,,,6.9,0.5,,0.7,17.3,,,,,,,,,,,2.4,0,0.2,,306.1,6,6,6,6,,,,PHI @ JAX,Eagles @ Jaguars,Tottenham Hotspur Stadium,outdoor,NFL Network,,,,
WAS,DST,WAS,,0.8,,,6.4,0.5,,1,20.1,,,,,,,,,,,2.6,0,0.1,,323.9,5.2,5.2,5.2,5.2,,,,NYG @ WAS,Giants @ Commanders,Northwest Stadium,outdoor,FOX,,,,
CLE,DST,CLE,,0.7,,,6.4,0.5,,0.7,21.4,,,,,,,,,,,3.2,0,0.1,,301.7,5.2,5.2,5.2,5.2,,,,CLE @ NYJ,Browns @ Jets,MetLife Stadium,outdoor,CBS,,,,
PIT,DST,PIT,,1.1,,,6.2,0.6,,0.8,22.1,,,,,,,,,,,2.5,0,0.1,,326.1,4.9,4.9,4.9,4.9,,,,IND @ PIT,Colts @ Steelers,Acrisure Stadium,outdoor,CBS,,,,
DAL,DST,DAL,,0.9,,,6.2,0.6,,0.9,20.5,,,,,,,,,,,2.3,0,0.1,,328.1,4.9,4.9,4.9,4.9,,,,,,,,,,,,