PLAYER,POS,TEAM,OPP,ML,O/U,SPRD,TM/P,SAL,FPTS,VAL,RST%
,,,,,,,,,,,
Bijan Robinson,UT,ATL,NO,100,47.5,1.5,23,11800,22.17,1.9,68
Chris Olave,UT,NO,ATL,-120,47.5,-1.5,24.5,10800,19.19,1.8,64
Tyler Shough,UT,NO,ATL,-120,47.5,-1.5,24.5,9600,18.91,2,54
Drake London,UT,ATL,NO,100,47.5,1.5,23,10000,16.17,1.6,42
Michael Penix,UT,ATL,NO,100,47.5,1.5,23,9000,14.84,1.7,28
Juwan Johnson,UT,NO,ATL,-120,47.5,-1.5,24.5,7400,11.88,1.6,22
Alvin Kamara,UT,NO,ATL,-120,47.5,-1.5,24.5,7000,10.02,1.4,16
Devaughn Vele,UT,NO,ATL,-120,47.5,-1.5,24.5,7800,10.36,1.3,12
Daniel Carlson,UT,NO,ATL,-120,47.5,-1.5,24.5,4800,8.13,1.7,10
CJ Donaldson,UT,NO,ATL,-120,47.5,-1.5,24.5,1400,4.13,3,10
Kyle Pitts,UT,ATL,NO,100,47.5,1.5,23,5800,8.58,1.5,8
Nick Folk,UT,ATL,NO,100,47.5,1.5,23,5400,8.16,1.5,6
Kendre Miller,UT,NO,ATL,-120,47.5,-1.5,24.5,5000,7.23,1.5,6
Oscar Delp,UT,NO,ATL,-120,47.5,-1.5,24.5,400,1.61,4,5
New Orleans Saints,UT,NO,ATL,-120,47.5,-1.5,24.5,4200,6.01,1.4,5
Atlanta Falcons,UT,ATL,NO,100,47.5,1.5,23,3600,5.59,1.6,4
Bryce Lance,UT,NO,ATL,-120,47.5,-1.5,24.5,1800,3.75,2.1,3
Jahan Dotson,UT,ATL,NO,100,47.5,1.5,23,3000,4.5,1.5,3
Brian Robinson,UT,ATL,NO,100,47.5,1.5,23,3800,4.25,1.1,3
Noah Fant,UT,NO,ATL,-120,47.5,-1.5,24.5,4400,6.11,1.4,2